{
  "conv2d": {
    "min": -4.014701843261719,
    "max": 1.6905503273010254,
    "mean": -0.26804782335069444,
    "Si": 33.89691157098514,
    "zi": 9
  },
  "conv2d_1": {
    "min": -12.796768188476562,
    "max": 27.81414794921875,
    "mean": 2.937866230867347,
    "Si": 5.105264582460136,
    "zi": -15
  },
  "conv2d_2": {
    "min": -106.1891860961914,
    "max": 39.05694580078125,
    "mean": -18.734331360946747,
    "Si": 1.4521778165943084,
    "zi": 27
  },
  "conv2d_3": {
    "min": -206.83863830566406,
    "max": 869.404541015625,
    "mean": 170.57822005208334,
    "Si": 0.18173328077410195,
    "zi": -31
  },
  "conv2d_4": {
    "min": -5784.08935546875,
    "max": 2845.41259765625,
    "mean": -702.8797125,
    "Si": 0.02499404844980947,
    "zi": 18
  },
  "conv2d_5": {
    "min": -14583.6875,
    "max": 36760.1171875,
    "mean": 3459.85175,
    "Si": 0.003813783413779733,
    "zi": -13
  },
  "dense": {
    "min": -443615.28125,
    "max": 244709.953125,
    "mean": -53881.96,
    "Si": 0.0003258638486251835,
    "zi": 18
  },
  "dense_1": {
    "min": 24901.361328125,
    "max": 1707472.25,
    "mean": 601744.61952,
    "Si": 0.00011485649494430096,
    "zi": -69
  },
  "_input": {
    "mean": 0.4489994150797526,
    "Si": 230.48977346980885,
    "zi": -103
  }
}