{
  "_input": {
    "min": 0,
    "max": 1,
    "mean": 0.473236,
    "Si": 0.00392157,
    "zi": -128
  },
  "conv2d": {
    "min": 0,
    "max": 1.33663,
    "mean": 0.0393429,
    "Si": 0.00524167,
    "zi": -128
  },
  "conv2d_1": {
    "min": 0,
    "max": 2.5761,
    "mean": 0.064361,
    "Si": 0.0101024,
    "zi": -128
  },
  "conv2d_2": {
    "min": 0,
    "max": 1.74392,
    "mean": 0.0300106,
    "Si": 0.00683892,
    "zi": -128
  },
  "conv2d_3": {
    "min": 0,
    "max": 1.93882,
    "mean": 0.0652025,
    "Si": 0.0076032,
    "zi": -128
  },
  "conv2d_4": {
    "min": 0,
    "max": 2.25898,
    "mean": 0.112844,
    "Si": 0.00885876,
    "zi": -128
  },
  "dense": {
    "min": 0,
    "max": 3.42203,
    "mean": 0.183576,
    "Si": 0.0134197,
    "zi": -128
  }
}
